customerName,,Date,comment
حُسَينْ,,قبل شهر,مقهى من فترة طويلة بجربة ومزدحم؛ التجربة الأولى وكانت تستحق الانتظار؛ المقهى واسع ويقدم قهوة مختصة مع منيو ساندويتشات للافطار وقائمة حلى؛ تجربتي للايس دريب نوعين (كوستاريكي ويمني) وكانت لذيذة جدًا ومقطرة بشكل جميل؛ وجربت حلى (تربل تشوكلت) …
Latifa Abdullah,,قبل 3 أشهر,"تجربتي كانت في اليوم الوطني تجربة ممتازه .
الأجواء  والضيافه جميله .
الخدمه سريعه . …"
ريما المجول,,قبل أسبوع,جيت الكوفي بالنهار عشان ادرس فيه وانا يهمني ان المكان يكون شرح وتدخله الشمس وصدق مرره حبيته رايق اخذت الحلا اللي يالصور اعطية 10/7 و القهوة اخذت ايس الدرب حلوه و حبيت ان عندهم سادس كوب فري 👍🏻 …
ريم العتيبي,,قبل أسبوعين,"من يوم فتح بجربه وانتظرت تخف الزحمة لكن لاحظت الزحمة تزيد ماشاءالله
وكالعادة كان زحمة ومافيه مكان لكن الخدمة سريعة ورائعة والقهوة والحلويات اروع بعد …"
ضياء الشمري,,قبل أسبوعين,"تجربتي لقرون كافيه على توصيات أهل الرياض
المكان هادي ورايييق الموظف الفلبيني اللي كان الجمعه جدآ خدوم ولطيف جربنا عندهم افطار الحلومي والزعتر لذذذيذه والتونه بعد اعجبتنا الكركديه مضبوط صح يمدحون الحلويات عندهم بس ماجربت لي عوده بأذن الله الأسعار متوسطه 🙏🏻 …"
Shumukh Life,,قبل شهر,المكان رايق السويت عندهم لذيذه خصوصاً كيكتهم الجديده تشوكلت مكس الكنافة بالبستاشيو والقهوة عجبتني انصح فيه يرضي جميع الأذواق عن تجربة 👍🏻🤍🤍 …
Fatma A.,,قبل شهرين,"الكوفي حلو مشكلته بس الطريق له يضيع، اجواء المكان رايقه والجلسات حلوه، الحمام مو مشترك وهذي نقطه لهم ؛ جربت قهوة اليوم باردة ١٤﷼ لذيذة كانها مو قهوة اليوم وجربنا الحلا الهبة ٢٦﷼ لذيذ مره يا ليت يفتحون فرع بمكان ثاني ويكون له جلسات اوت دور بيكون حلو مره."
Asma,,قبل 6 أيام,طلبنا بوكس من ذا شيفز ٨ مخبوزات لذيذة جي بنز تشيز كيك لذيذة ميني بايتز ايز كيك كراميل بينا كينز حشوات لذيذة انصح بتجربته
غاليـة,,قبل 3 أشهر,"المكان جميل ورايق لكن الحلا مش ولابد مع اني مجربه صنف واحد ، القهوه 100000/10 لذيذه جداً اخذت اثيوبي وجربت اليمني بعد كلهن👍🏻👍🏻👍🏻 …"
Z Y,,قبل أسبوع,الهوت شوكليت عنده جدا و القهوه كذالك جميل و الحلى جدا جميل انصح بالتجربه
Abrar Mohammad,,قبل شهر,ماشالله تبارك الله الكافيه شرررح ومريح وكمالن ريحتهم حلللوة تاخد العقل ريحة بخور فكل المكان😍😍😍🤣 …
be positive,,قبل شهر,"الطلب كان قهوة 2 في 60 بن يمني روعة …واللي أروع التراميسو جمييييل جدا ويارب لك الحمد
اجواء ممتازة وكذلك كركديه"
seham alzahrani,,قبل شهرين,"المكان حلو وموقعة لكن الكراسي غير مريحه جداً..
قهوة اليوم نوع الأثيوبي جيدة جداً …"
Am Hk,,قبل شهرين,"حلو و واسع شوي مطل ع ابراج المالية 👍🏻

طلبي v60 كوستاريكا ممتاااااااز 👍🏻 …"
Abdulmalik S,,قبل شهر,"ماشاء الله تبارك الله القهوه لذيذه والحلى الذ
وكل شي عندهم يفتح النفس"
shiekha Alghamdi,,قبل 5 أشهر,"الكوفي جميل لكن موقعه غير جيد
القهوة لذيذة نفس قهوة نمق
جربت دانش البيكان لذيذ …"
Sara sam,,قبل 3 أشهر,"اول زيارة للمكان وأقدر اقول بتكون الأخيرة بسبب التعامل !

افهم انوا اليوم يوم وطني ولكن! تمنيت يكون فيه إدارة افضل اغلب الناس كانوا جاين …"
خوله -,,قبل 4 أشهر,"طلبت قهوه اليوم ب 12 ومع الثلج زيادة ريالين الزيادة غريبة قال لي المحصول برازيلي وبالفاتورة اثيوبي لكن لذيذة مره وكميتها كويسة
برضو طلبت بودينق او تربل شوكلت كميه الشوكلت راهية مره ولذذيذ والطبقة اللي تحت …"
Ahmad,,قبل 5 أشهر,المكان جميل ورايق لكن عيبه الوحيد موقعه وصعوبة الوصول له مع التحويلات اللي صايره …
Nasser 7379,,قبل 3 أشهر,"افضل قهوه ب شمال الرياض ❤️👍🫡🫡🫡
خلها تبرق وترعد
حتى توزيعات اليوم الوطني فخمه 94💚💚. …"
Reem T,,قبل أسبوعين,"المكان جميل وهادي الحمدلله يوم رحت ماكان فيه زحمة الموظفين خدمتهم 👍🏼 عجبني الحلى عندهم وقهوتهم لذيذة وطلبنا هوت شوكلت حالي شوي
الكركدية عندهم ممتاززز 🤩 …"
mai abdullah,,قبل 7 أشهر,"المكان جميل جداً وأجواءه رايقه
طلبت منهم الآيس ماتشا لاتيه كان عادي الصراحه لكن القهوه عليها مدح كثير
المكان شرح والشمس داخله على المكان معطيته حياه …"
Soula Saliha,,قبل سنة,"المكان جداً جميل وهادئ مناسب للعوائل والجمعات
وصوت الميوزك واختيارها جداً معقول ومناسب للمكان . …"
نواف القحطاني,,قبل شهرين,قهوة اليوم الاثيوبي و V60 عندهم مجنونه مستحيل اجي الرياض بدون ما امره قهوتهم رهيييييييببببه الافضل في الرياض بلا منازع من واقع تجربه وحلاهم لذيذ. واقف عنده من ٥:٢٠ انتظره يفتح وهو يفتح ٦ من كثر فخامته
BanderAziz,,قبل 3 أشهر,"الكوفي رايق والخدمة ممتازة العمال مبتسمين وفيهم بشاشة ..

الفلات وايت 9/10 …"
Nor,,قبل 5 أشهر,المكان جميل ورايق والخدمة ممتازه الطلب كابتشينو نوع القهوة جيد جدا الطعم خفيف و الحراره ليست المطلوبه كان باردا نوعا ما
ضي للجرافيك,,قبل شهرين,"اخذت من عندهم كركديه
المكان مرة حلو
اكيد ابرجع له مرة ثانيه وثالثه"
Hussain Alwesaibi,,قبل 3 أسابيع,"جربت المحصول اليمني V60 وكانت لذيذة وممتازة ومميزة وتستحق التجربة، الكافي واسع وشرح ويفتح النفس. أجواءه جميلة."
yara Abdallah,,قبل 4 أشهر,"رحت له مرتين و جربت من عندهم بودينق التشوكلت و الكركديه
الحلا كان حلو و الكركديه بعد بس كان حالي شوي وطعمه كأنه باشن فروت بس المكان حلو والجلسات حلوه"
Falah,,قبل سنة,"القهوة جيدة
الحلى لاباس به
الماتشا عادية …"
رحاب محمد,,قبل 10 أشهر,ماشاءالله المكان مزحوم عصر الجمعه الله يبارك لهم .. كل الحلويات اللي طلبناها اعجبتنا خصوصا السينابون تجنن خفيفه .. قهوة اليوم مره اعجبتني لدرجه اخذت كوب ثاني وانا طالعه بن اثيوبي .. الله يبارك لهم
Reem Mohammed,,قبل شهرين,"الشي الغريب ان المكان مهما كان زحمه تلقين لك مكان♥️القهوه والحلا أخيل من الأخيله تبارك الله الكوب يبرد قلبك حجمه، كل التوفيق تستاهلون  ♥️😍 …"
شُـروق.,,قبل 5 أشهر,"زيارتي للمكان كانت بالليل وكان زحمه بس مع ذلك خدمتهم سريعه ماشاءالله 👏🏻

طلبت v60 لذييذه ومضبوطه ✔️
وتشيز كيك كان خرافي 🤩 …"
Amal Alsubaie,,قبل 3 أسابيع,"الكوفي جداً جميل ورايق وخدمتهم ممتازه
وحبيت القهوه والحلى مميز عندهم 😋💚 …"
soso Hassn,,قبل 9 أشهر,المكان شرح وحبيت انو ما فيه موسيقى واغاني مزعجه لانو الناس جايه تسولف وتشوف بعض مو تسمع موسيقى ياليت باقي القهاوي يتعلمون طلبنا كان قهوة اليوم باردة وحترة كانت موزونة وفلات وايت كان لذيذ والحلى كان تشيز كيك لذيذ حبيته يعني مغاير للتشيز …
Omar Alsuhaim,,قبل سنة,"وقت الزيارة 3:30 عصراً

المكان شرح للامانه ومافيه تفاصيل مزعجة …"
فيصل,,قبل 4 أشهر,"رايق ، بس قلة حيا ، بعض الشباب باقي شوي و يقول ميدك عادي أجلس معك أنت و أهلك من البجاحه إللي فيهم جالسين جنب العوائل كنه جالس ف بيتهم"
Ns N,,قبل 5 أشهر,بنقل تجربتي والله على م اقول شهيد .. جيتهم صباح الجمعة بقوقل ماب لم يتم تعديل الوقت ومكتوب مفتوح من ٦ .. جيتهم ٨ وانتظرت لين ٨ وربع مافتح العامل وجاي بعدي .. دخلت اشوف الكوفي لسى ماطلبت ولا حاكيت العامل .. الا العامل الفلبيني الي يلبس اابيض …
Bayan Fahad,,قبل شهرين,"القهوة من الذ القهاوي الي جربتها

والكاشير الي يشتغل ماشاءالله اسلوب وتعامل ورقي والطاقم كامل جداّ محترمين ويرحبون …"
D.r Ali,,قبل 9 أشهر,"اللهم صلِ وسلم عليك يارسول الله .

الاستقبال جيد المكان جميل ورايق الجلسات شبه مريحه الستاف محترم قهوتهم كويسه …"
Yara Q14,,قبل شهر,القهوه لذيذه الحلى لذيذ بس الخيارات محدوده
Yara,,قبل 5 أشهر,"طلبت v60 بارد وكان جدا لذيذ وفلات وايت
الحلا طلبت الكروفل سينابون والترميسو
السينابون كان جدا لذيذ لكن الترميسو عادي …"
A. 1,,قبل 5 أشهر,"المكان حلوووو وخدمتهم حلوو وقهوتهم حلوه بس مو واو
التراميسو عادي جداً الكيك حلوو"
Pink Panther,,قبل سنة,"زيارتي الاولى للمكان وصراحه اي مكان مافيه تنظيم يفقد جماليته .

المكان زحمه بشكل مخيف الناس فوق بعض ماتاخذين راحتك بالمشي حتى لو بتاخذ القهوة …"
يستحق التجربة,,قبل 7 أشهر,"القهوة مره بطله وتستحق زيارة 😍 .
طلبت v60 بارده محصول إثيوبيا فنانه 👌🏻.
الحلا مو مره حبيت بيعجب الي يحبون لغاويص ✔️. …"
AM,,قبل 4 أشهر,توقعت صراحه افضل للاسف البودنيق عباره عن كيك بيتي كروكر وحاطين فوقه شوكلت وصوص الكندر عادي جداً ما اكرر التجربه القهوه جيده المكان زحمه وازعاج غير مريح ماناسبني
Badriah Abdullah,,قبل 5 أشهر,"كيكة الشوكولاته حلوه لغاويص ، القهوه الاثيوبي جيده ، خدمتهم ممتازه ، الاسعار ممتازه 👌🏻 …"
Fayafd 0,,قبل 7 أشهر,"طلبت قهوة اليوم بارده حلوه و ايس ماتشا طلبت كمان معه اكلير لذيذ و كيكة تشوكلت غرقانه 😍 شفت وافل سينبون شكله يشهي ،، المكان و الاجواء جميله للغايه ❤️ …"
سعد الراشد,,قبل 4 أشهر,"مكان جميل والقهوة والحلى رائع عيبه زحمه ، كل شئ مثالي بالنسبة للكوفي ."
Fatma,,قبل أسبوعين,"قهوة كويسة وقائمة متنوعة واغلبها ممتازة
الخدمة جيدة
القعدات شكلها حلو بس مش عملية …"
عبدالمحسن الدغيم,,قبل سنة,"جربت عندهم الايس تي و حلى جي بنز تيشز كيك.
تجربتي بشكل عام:
المكان زحمممة و مليان ناس و الناس فوق بعض. …"
Aziiz A,,قبل شهر,قهوه اليوم جميله وحلاهم لذيذ
Ebtisam,,قبل سنة,"من اروع الاماكن المتكاملة
مريح واسعار ممتازة وخدمة ممتازة
الطلبات : ايس دريب - ايس كركديه - ايس سبانش لاتيه - بنز شيز كيك …"
Xerjoff,,قبل شهرين,قهوة اليوم رايقة بالنسبة للحلى أشوف مافيه زود ساندوش التونه لذيذ
Mamdouh Almejlad,,قبل 5 أشهر,"الاسعار مرتفعه جدا !  ٨٠ ريال على:
٢ كركديه
٢ مويه …"
Vlgirs,,قبل 6 أشهر,المكااان راييييق وهادي زحمه بس اللي تاخذ طلبك بسسرعه عموماً احببب الساندوتش الزعتر والحلوم اللي عندهم مو عادي وبرضو القهوة مرا لذيييذه بس مشكلتهم اكوابهم تذوب بسرعه✨
Khaled Algahtani,,قبل 4 أسابيع,الفلبيني شايف نفسه ولا شديت في الكلام معه احترام للي موجودين فقط . ولا يحتاج له اعادة تربيه وشكرا الرجاء النظر في الموظفين وتعلميهم النفسيه قبل كل شي والقهوه الامانه سيئه لكن عوافي كمحل حلو والحلى لذيذ لكن اهم نقطه الخدمه كانت سيئه جداً .
N .A,,قبل شهر,مقهى جميل و هادي القهوه جيده و الحلى لذيذ
Sayer Alshammari,,قبل شهرين,المكان هادئ ورائع ولاكن الجلسة فيها مو مريحة مره
ALI,,قبل سنة,"تجربة صباحية لقهوة قرون..

المكان في الصباح هادي، والاستقبال كان ممتاز.. …"
Tahani8 ibra,,قبل 9 أشهر,"ماشاءالله ماشاءالله تبارك الرحمن ،،
طلبت قهوه اليوم حجم الكبير ب ١٤ ريال بس وكوبهم رررراهي
والتشيزات لذيذه لدرجة ماتتخيلونها وتشيز الكيييييك انصح فيها وبقوه خفيييفه😍 …"
シTOS,,قبل سنة,"Groon .. 🫡

الكونسبت بشكل عام جداً مريح وجميل ،، المكان هااادي ورواءءء ينفع تفكر في مستقبلك …"
Taiif,,قبل سنة,"زيارتي لهم كانت اليوم وقت العشاء، طلبت منهم ايس دريب وقهوة اليوم وكيكة التشيز كيك والسينابون ، حلا التشيز كيك من غرابته ولذّته ودك مايخلص ! والسينابون لذيذ وطعمه بشكل ما يوصف .. وقهوتهم حلوة 🤍 والكاشير كان ذوق والخدمة رغم كثرة الطلبات تبارك الله كانت خيالية🤍 الله يبارك لهم يارب، اكرر الزيارة؟ طبعًا وأكيد .. …"
حنان عبدالله,,قبل سنة,"كوفي جميل و جلسات رائعة تعامل راقي وخدمتهم سريعة
مزدحم دائماً للأسف
قهوته رهييييبه وحلوياته لذيذة"
Ghadeer,,قبل 3 أشهر,"قرون حلو لكن صار موقف ماقد صار لي مع القهاوي كلها، وخلتني أكرهه اجيه صارت لنا حركة وصخه من الموظف الكاشير اللي أسمه سلطان مادري هو حب يستقعد لنا ولا أيش !  رغم أننا تعنينا عشان نجي القهوة يالله يالله مع زحمة اليوم الوطني ويوم شفنا مره لاين …"
Fatmah Hamad,,قبل سنة,"شهادتي فيه مجروحة ومن الخيارات المتاحة والمطروحة دائماً
التشيز كيك والكراميل بيكان شيء خيالي والقهوة مضبوطططة جداً والاطلالة رائعة لكن اختيار المكان هالمره ماكان جيد لان المكان مزدحم ماشاءالله"
evo Abdullah,,قبل أسبوعين,المكان حلو وجمييييل ورايق ومزدحم نوعما
أحلام محمد,,قبل سنة,"المكان جميل لكن الزحمة لاتطاق كان خاطري أقعد بالكافية وأستمتع لكن من الزحمة يادوبك أنتظرت
الله يبارك لهم بس …"
كِندة,,قبل 8 أشهر,"خذيت كركديه مرررره عجيب حامض ، وساندوتش حلومي بالزعتر معاه اعتقد دبس رمان ، الستاف بشوش وخدوم ، لنا زياره اخرى بإذن الله ، الاسعار نوعاً ما معقوله"
Abdulrahman,,قبل 10 أشهر,فوق التقييم صراحه قهوتهم جميله جداً لكن اوقات الزحمه يصعب انك تكيف براحتك لكن طعم القهوه يستاهل يستحق الزياره ❤️
Seba 44,,قبل أسبوعين,"كيكه البستاشيو حلو
القهوه عاديه جدا
ماهو على سمعته …"
Moosab 1998,,قبل سنة,"ثاني زياره للكوفي ، الله يبارك لهم
المكان جميل وكبير
خيارات الحلى متنوعه اكثر من اي كوفي ثاني . …"
Nawaf Majed,,قبل 5 أيام,"كوفي جميل ولا يعلى عليه ومو اول تجربة ولا اخر تجربة
بس سالفة الحمامات اتمنى تشوفون لها حل صار كل واحد يدخل حق الثاني علشان ماينتظر
مو طبيعي ادخل حمام رجال واشم ريحة حيض !!"
By Maha,,قبل سنة,"القهوه ماعليها كلام جودتها ممتازه ماتحتاج تقييم 👍🏻
الماتشا ايضا جيده جدا.
تم تجربة الاصناف الجديده من الحلا …"
ABM,,قبل شهرين,"تعامل سيء
أول مره اعرف إن فيه كافيهات ما تاخذ كاش !!! وهذا مخالف للأنظمة !!! …"
خالد الجهنى,,قبل شهرين,"بكل اختصار ، الكافي ممتاز و رائع بمعنى الكلمة ، قهوة اليوم قهوة طعمها خاص و رايق تحس فيها طعم و ثقل القهوة مو خفيف كانها ماء ، و الحلى جميل و متقن والمكان جداً رايق ، حقيقة كررت الزياره مرتين و ما زلت افكر متى افضى عشان اروح له ثالث مره ."
thana,,قبل سنة,"المكان شرح ووسيع
قهوة اليوم لذيذة
التشيز كيك حلو طعمه لكن طعم الجبن طالع فيه مره احس لو ذقت البيكان بتطلع الذ …"
Just khalid.,,قبل سنة,"زحمة المكان حلوة لا تشوفونه زحمة وتهربون 🏃🏻
رغم زحمته الا القهوة عندهم لذيذة 🤤 مو مأثر هالشيء على جودة التقديم أبداً …"
Hajar Alhajri,,قبل 7 أشهر,"جيناهم السبت العصر وكان رايققق وهادي ، طلبنا ايس درب البن مكسيكي جداً لذيذ والحلى لذيذ بعد والمكان شرح ، يمكن بس اللي يضايق الوصول للمحل صعب ، بالتوفيق لهم 💛 …"
Soma Si,,قبل شهر,جربت v60 المحصول الكولومبي حلوة. الخدمة بشكل عام جيدة بس طلبت منهم يقفلوا الستارة بحكم أن الشمس ضاربة على المكان وقال غير مسموح🫢 ولاحظت كثير يقولوا جيد للعمل وصراحة ما انصح الكراسي غير مريحة ولا فيه أفياش. …
Rayan,,قبل سنة,"زيارتي كانت له في الصباح وكان جددا جميل المكان ومررررريح ولططيف من ديكور ومقاعد كانت مريحة
طلباتنا كانت بيكان كراميل وتشيز كيك وسينابون …"
nourh o.,,قبل 8 أشهر,"اخذنا ايس v60 وايس كركديه وتربل شوكلاته
صراحة القهوة والكركديه ممتازة جدًا جدًا جدًا
برغم صعوبه الوصول للموقع بحكم اغلاق الطرق اللي توصل له لكن مزدحم فـ اخذنا سفري لكن صراحة ممتازين ولي تجربة اخرى ان شاء الله"
Reem_140,,قبل سنة,"القهوه كانت جيده ماكنت مره مضبوطه ، لكن الكركديه والتشيز يمييي صراحه 🤤🤤🤤🤤.
الكركديه من افضل اللي تذوقتهم هالفتره ، طعم النعناع فيه معطيه انتعاش وكااان مره لذيذ  . …"
Grace Forever,,قبل 7 أشهر,"طلبنا
تربيل شوكلت ٢٦ ريال جدا حالية ماعجبتنا
سينابون بنز ١٨ ريال عادية وحالية مرة …"
محمّد,,قبل 11 شهرًا,"فوق التقييم ماشاء الله الله يبارك لهم ويزيدهم
التعامل الاسعار الطعم الخدمه اتمنى لهم الافضل
البنانا بودينق ماتوقعت ابد لذيذه وخفيفه وطعم جديد"
ebtesam alawwad,,قبل 10 أشهر,V60  ١٠-١٠  موزونه أمريكانو  ٩- ١٠ حامضه شوي من حرارتها سينابون ٥-١٠ وكثيره ناشفه وعجينتها مليانه سكر يابس ومالها ريحه سينابون  طلبت منهم يسخنونها طلعت افضل نوعا ما عجينتها اقرب للبڤ باستري …
صافي,,قبل سنة,تجربتي كانت مرضيه عندهم الصدق من ناحية القهوه والحلا والكركديه بس من ناحية الجلسات للاسف ماتوفقت مع اني رحت له العصر مع ذلك زحمه مررره وكلهم شباب ماحسيت الجلسه فيه مريحه 😓 …
Meshal Reviews,,قبل سنة,"صراحة اقل من المتوقع على الزحمة اللي عنده😅
الفلات وايت جيد جدا ولذيذ ☕️
السينمون بنز اقل من المتوسط صراحة وسعره مرتفع 🍨 …"
Shahad,,قبل شهرين,"جربت قهوة اليوم كانت كولومبيه رائعه! و ساندوش التونا والتركي كانت لذيذه جداً وخفيفه وتستحق التجربه.
من مده كنت ابي اجرب القهوه بس لانها كانت هبه وزحمه لفتره، لكن الحين بدت تصير رايقه جداً وافضى خصوصاً بالصباح والويكند👍 …"
خالد بن فهد,,قبل سنة,"ما شاء الله تبارك الله
المكان هادي ومرتب جدا 😍
جربت سبانش حار لذيذ 🤤👌🏻 …"
Omar Hamad,,قبل 6 أشهر,السعودي محترم أما الفلبيني كان الله في عونك
Axxej A,,قبل سنة,"السويت اقيمه ١٠/١٠
القهوه كانت موزونه وحلوه
وتعاملهم كان كويس مره والمكان مرتب ويفتح النفس بنرجع لكم قريب💚🫡 …"
Hawazen,,قبل سنة,"ألذ تشيز كيز بالكرة الأرضية خصوصًا البنانا بودينق💚
الكوستاريكا رهييبة وانبسطت إنهم فتحوا الصباح لأنها ألذ قهوة تبدأ يومك فيها، الكركديه خياال والماتشا برضو اطلبوها اكسترا سويت …"
Just R,,قبل 3 أشهر,توزيعات وصاجيننا آخر شيء جيت فاتورتي الساعة ٤:٥٠ ما عطاني والي بعدي ٥:١٥ بدأ يعطيهم:) وأقول للفلبيني يقول السعودي انا مالي دخل والسعودي مسوي ما يشوفنا يعني هل يعقل اني برجع اصف اللاين مره ثانية واطلب كركديه عشان تعطيني وانا توني صافه وطالبه منك فاتورة عالية ؟؟؟ او اوقت جيتي على شفت السعودي؟  طيب أطر ؟
H a,,قبل 8 أشهر,"قرون قهووتي المفضلة كل شي عندهم لذذيذ!

لا تنسون تطلبون الشوكلت كيك مع v60 بتدمنونه🤯 …"
ماجد الحمادي,,قبل أسبوع,"العماله فاشلين جدا طلب ٢ ايس دريب قعدت ٣٠ دقيقه والكوفي مافيه زباين ليش التاخير هذا ؟؟؟؟
واقولت له ٣ مرات تعال نظف الطاولة يناظر ولا يرد وش التعامل هذا !؟"
mryam waleed,,قبل 7 أشهر,"حلا الهبه حلو وخفيف
ماحبيت الكابتشينو
V60 بارد حلو 👍🏽
موقعه في حاره …"
Kam _ad,,قبل 3 أشهر,"الفلات وايت مميز
التشيز كيك ٥ من ١٠
الخدمة مميزة"
Sara Almujel,,قبل سنة,"المكان حلو وشرح بس تقهر كراسيهم اغلبها لاصقه بالارض مو مريحه

- الماتشا 24 مو لذيذه فيها طعم غريب ( افتر تيست ) ما احسها ماتشا صدقيه ما انصح …"
صالح العجمي,,قبل سنة,ثاني زياره الكوفي يقدم القهوه الساخنه والمشروبات البارده ومشهور بالحلى اللذيذ والكركديه الباااارد ❤️ بس الاسعار مرتفعه شوي وزحمة ما قدرت اجلس واخذت الطلب في السياره بس يستاهل التجربه وبرجع اجرب الكركديه ان شاء الله .. …
هاجر محمد,,قبل سنة,"المكان لا بأس فيه شوي زحمه والجلسات متقاربه
جربت عندهم
رول الكاسترد كان عادي ٧/ ١٠ …"
عبدالله ال عبدالله,,قبل 8 أشهر,"القهوة نوعا ما جيدة والحلا جيدة .. لكن ما اعجبني عدم احترام وقت وصولي وتسليم طلباتي متاخرة + سلموا لعملاء بعدي… وايضا ملاحظة الاكواب تقول من اكواب ابوخمسة جودتها سيئة مثل ما بالصورة..
اتمنى يحسنون الجودة"
تغطيات توينز الرياض,,قبل 8 أشهر,"فوق التقيم الله يسعدهم
جدا جميل المكان ويهتمون بكل شي ، دائم بكل مناسبة يسون فعاليات ودائم اجيهم مو اول مره …"
Ghaida Gh,,قبل شهرين,"جودة القهوة والأكل ١٠ من عشرة ، بس المكان ماش.
أغلب الجلسات سوداء وفيها بقع اندقت دق، لو يسوون تجديد ويحسنون الأرضية بعد بيطلع ممتاز."
Razan Abdullah,,قبل 5 أشهر,"ما شاءالله تبارك الله المكان والقهوه والحلويات كل شي فوق الخياال ، جربت المخبوزات اللي عندهم وكانت لذيذه مرره واخذت ايس دريب ومرا كانت ممتازه اعجبتني ، والخدمه بعد مرا كانت حلوه شكرا قرون 🤍 …"
samyah saluman,,قبل شهر,"ساندويش التونة سبايسي لذيذ جداً
قهوة اليوم مضبوطة 👌🏻 …"
A M,,قبل 3 أشهر,"ماشاءالله دايم اجيه والقاه مزدحم الله يبارك لصاحبه، هالمره رحت العصر والحمدلله فاضي روقان وهادي ويبخرون المكان ، قهوة اليوم والكركديه حلوين وايضاً التيشز كيك والميني بايتس تشيز كيك لذيييييييذين ماراح اتعداهم اذا رجعت ثانية خاصتاً الميني بايتس لذيذه وخفيفه، تعاملهم لطيف وخدمتهم سريعة"
AbuSulaiman,,قبل سنة,"الزيارة كانت لتجربة الكرواسون..
جربت رول الجبن ..
جيد جدا لكن ليس مميز .. …"
سبحان الله,,قبل 5 أشهر,"طلبي قهوه اليوم بارده وحارة وحلا شوكلت مربع شكله الحلا حلو بس صغير على سعره وريحه المكان عوده✨حمام النساء مقفل!
الحلا محدوود ٦ اصناف فقط …"
Afnan N,,قبل سنة,"طلبت آيس كركديه ٢٣ ريال كان لذيذ مرررره ١٠ / ١٠

وسبايسي تونه ٢٦ ريال مو مره عجبتني ٦ / ١٠ …"
عبدالرحمن عبدالعزيز,,قبل سنة,"🕐 وقت الزيارة
يوم الإثنين الساعه 17:30 …"
Rasha 999,,قبل سنة,"مكان جدا جميل

القهوة والحلى جدا جميل …"
نوف محمد,,قبل سنة,"مكان جميل ورايق وهادي وحلاهم يدوخ وقهوتهم رايقه والايس كركديه يسرسح
واستقبالهم ذوق وخدمتهم سريعه
ليس اعلان تجربه خاصه فيني"
Fadwa Fahad,,قبل سنة,المكان كبير بس زحمة جداً جداً جربت فلات وايت ٦/١٠  V60 حلوه ٩/١٠ قهوة اليوم ٧/١٠ الكركدية حالي ماعجبني مرا ٧/١٠ المكان عادي جداً بس اخذ سمعه ولا مايسوا صراحه👎🏻 …
Omaima,,قبل سنة,"القهوه حلوه والكركديه حلو مررره
الحلى جربنا نوع واحد وكان لذيذ
الديكور بسيط …"
ربى عبدالعزيز,,قبل 4 أشهر,منزمان نفسي اجيه وكانت تجربه جميله والفرع هادي جدًا احلا شي عجبني فيه طلبت قهوة اليوم اعطيها9.5/10 وتربل كيك تشوكلت لذيذ بعد
هيفاء ا,,قبل 3 أشهر,"الصراحـــة كنت متحمسه اجربه لكن راح اليوم وحنا ماعرفنا نوصل للموقع ،، لنا محاوله له غداً بأذن الله 👌🏼 …"
آمنه أحمد,,قبل 3 أشهر,سيئه جداً جدا جدا تعامل الموظف اليوم في تاريخ 23 September يوم الاثنين الساعه 5:30 جينا قروب لكن كل واحد دافع لحاله رفض يعطيني التوزيعه لكل واحد فينا ! وكمان جابرني اخذ الحجم الكبيره بالنسبه لي التقييم 10/0 ولن يتم تكراره طالما ان التعامل كذا
M Q,,قبل سنة,"قهوة مختصه
المكان جميل جربت فلات وايت وكان مميز
الحلويات عندهم خيارات منوعه
يستحق التجربه"
S,,قبل شهر,حبييت.. جودة القهوة والسويت عندهم عاالية وللفطور انصح بساندوتش الحلوم لذيييذ.. المكان صراحه شوي مزعج من ناحية الموسيقى والقعدات قريبة من بعض👎🏻 …
Rola Suliman,,قبل سنة,"مكان جميل وواسع
الخدمة كويسه
القهوة لذيذة
والحلى ممتاز لكن سعره مرتفع"
AL M,,قبل سنة,"القهوه لذيييذ جداا لكن المكان مزدحم و مافيه تنظيم و الناس حرفيا فوق بعض جيت طلبت مافيه مكان اجلس فيه انتظرت اكثر من ربع ساعه ماتحملت وطلعت خذته سفري اتمنى يشوفون حل لان قهوتهم و السويت والسمعه له واااو
وقت الزياره ١١:٣٠ الظهر"
Sarah S salem,,قبل سنة,"الفلات وايت رهيب مضبوط
الحلا لذيذ
الفطور كان تونه و حلوم لذيذه حداً …"
Maha _,,قبل 5 أشهر,"الفلات وايت عادي
الدريب حلوه
الحلى ثقيل …"
Mohammed تغطيات واكثر,,قبل سنة,"محامص البن groon كوفي ومحمصه المكان شرح وكبير وتصميمه جميل
جربت قهوة اليوم كانت حامضه وماعندهم الا نوع واحد ماكان عندهم خيار لقهوة اليوم الكلاسيكيه …"
abdullah,,قبل 3 أيام,العامل الفلبيني طالب قهوة حار عطني بارد رحت قلت له قال ل م طلبت ال بارد
Noura ALSW,,قبل 4 أشهر,"قهوتهم لذيذه والحلا كل الأنواع حلوه وترضي كل الأذواق مو اول زياره لي له ، الكركديه من افضل الانواع وطعمه جدا لذيذ ، ولكن يعيبه الزحمه افضل وقت لزيارته العصر وقبل يقفل بالليل تكون زحمته اقل ، ويعيبه ان المواقف جدا جدا محدوده ، …"
Rayan khalid,,قبل سنة,قهوه جديده كان افتتاحهم اليوم الصراحه الشغل اعلى من المتوقع بحكم انه يوم افتتاح مالاحظت وجود اغلاط وطاقم العمل جدا لطيف الصدق اهنيهم دخول قوي على مجال القهوه واتوقع يحفر اسمه بالسوق …
Latifa Khaled,,قبل سنة,اشوف من اروّق كافيهات الرياض حالياً المكان جميل ويستاهل تزورونه الجلسات مُريحه للعمل والقهوه اوصيكم على قهوة اليوم فنانة ..
الهنوف العنزي,,قبل سنة,"مكان حلو والقهوه  ايس دريب ثقيله جوييييي
الي يحبها ثقيله خذوها   وتشيز كيك لذيذذذذ
انا رحت ب صباح احس بليل يطلع حلو مع الأضاءه"
ابراهيم,,قبل سنة,"الزيارة جميلة اهتمامهم بنظافة المكان جميلة
كان ايام العيد وموجود الاحتفال بالعيد و مهتمين بمناسبات الاعياد و الايام الوطنية تفرق بشكل كبير لزبائن عندهم سويت متخصصين فيه بعدة انواع …"
hadeel sh,,قبل سنة,اولاً المكان شرح وكبير والديكور رايق مرره 🤩وثانياً طعم فلات وايت ولا غلطة 👌🏻💯😍مرره عجبني وثالثاً تعاملهم مررره 💯👌🏻رغم الزحمة ولي زيارة كثيرة باذن الله جد يستاهلون وربي يوفقهم 😍 …
Thsisters,,قبل سنة,المكان جميل وشرح جربنا الايس ماتشا لاتيه 🍵حلوه والايس كركديه 🌺لذيذ وتشيز كيك …
خلود صالح,,قبل سنة,"زيارتي كانت الظهر فالمكان رايق وهادي
القهوة موزونه طلبنا بلاك وسبنش👍🏻
الحلا لذيذ …"
عمر العنزي,,قبل سنة,"تجربة اول مره اول يوم عيد تعامل رائع و احترافي
و جيتهم امس بعد تعامل اروع …"
YAZEED,,قبل 11 شهرًا,"كوفي جميل والقهوة لذيذة
جربنا كورتادو 10/10
قهوة اليوم 10/09
تشيز كيك توت 10/10"
Sager Sager,,قبل 5 أشهر,من أجمل الاماكن بالرياض  ومشروب الكركديه بطل
Fosahah,,قبل سنة,"من أجمل أماكن القهوة الجديدة بالرياض وتتميز بتصميم المكان الجميل والهادئ ، القهوة المميزة ، والحلى اللي أشوفه من الأفضل بالرياض . …"
Mo Ib,,قبل شهرين,قرون مكان جميل وقهوتهم حلوه وحلاهم الي طلبت لذيذ. يستحق التجربة
RAWAN,,قبل سنة,"تجربة ممتازه والاجواء رائعه🤩
قهوتهم بطله والتشيز👍🏻 …"
Sara,,قبل سنة,"الحلى جيد، جربت اللاتيه وطلع طعم القهوة جدا حامض وما كانت حارة (للأسف ما تنشرب). ايضا المكان مره زحمة فحطوا هذا الشيء في بالكم سواء الجلسات او المواقف. الجلسات لطيفة والديكور شرح."
Ali Alshehri,,قبل سنة,"زُرتهم وطلبت v60
جدآ جدآ عااااادي وكوب يكون مليان وكوب يكون ناقص ما فيه توازن في طريقة التعبئه
وطلبت حلا صراحة الحلا يفوز عندهم …"
Afaf abdulrahman,,قبل سنة,كوفي واسع وشرح والخدمة رائعة طلبنا قهوة اليوم وايس سبانش كلهم ١٠/١٠ وتشيز كيك مرره لذيذة الله يوفقهم والاجمل ان مافيه موسيقى
re Aa,,قبل سنة,هذي تجبرتي الثالثه للمكان بنظري متميييزين بالحلا بشكل رائع جربت السينابون مستعده ارجع له الف مره نصيحة جرببوه لايفوتكم واكيد مع قهوة اليوم 😋 …
Msh msh,,قبل سنة,"نبدا تقييم ..
المكان داييم زحمه ماشاء الله الله يبارك لهم
دايم اخذ طلبي خارجي من الزحمه …"
باسل الحامد,,قبل سنة,جربة كيكة العسل عندهم لذيذه وخذيت ايس درب صراحه قهوة ظهر يوم الجمعه عندهم غير☕️😍 …
ريم عزيز,,قبل سنة,المكان شرح والقهوه لذيذة والسويت الجديد مو طبيعي 🤤❤️‍🔥 وفيه فطور كمان آعجبتني عندهم سبايسي تونا 💯 …
مشاري عبدالله,,قبل سنة,"الايس كركديه عندهم لذيذ والتوصيات عليه كثيره
بس شوي مبالغ في سعره جربنا قهوة اليوم مو كويسه مرره 😓 …"
L A,,قبل 3 أشهر,"عن رأيي الذ كركديه جربته بالرياض ما امزح
وكيك التربل شوكلت لذييييذ بس صراحه اسعارهم تعتبر عاليه شوي"
Shadn 55,,قبل 5 أشهر,حلوة مره القهوة حقتهم حلوه لكن الحلا حقهم ما اعجبني جربت اكثر من شي عادي وزحمه شوي لكن تعالو بدري المغرب الكركديه حقهم لذيذ الى الان مالقيت منافس له
Sym .m,,قبل 7 أشهر,"مكان بسيط ودايما تبارك الرحمن مزدحم ماشاءالله تبارك الله.
ولا مره قد اتيحت لي الفرصه اجلس فيه رغم كثر زياراتي بسبب الزحمه وبرضه ما ودي يشوفون الناس ان كل الطلبات الي اطلبها لي لحالي 🐪. …"
Sara Saad,,قبل 10 أشهر,القهوه مره لذيذه المحصول اثيوبي لا تفوتكم والسينابون لذيذ وهش مره والسويت الجديد لذيذ مليان لغاوييص 😋😋 …
Hanan Abdulaziz,,قبل 9 أشهر,"فعاليات العيد عندهم حلوه 😍
لكن قهوة V60 كولمبي ما اعجبتني حموضة عاليه
الحلا اعجبني وارجع مره ثانيه اجرب منتجات اخرى …"
Mishal Shary,,قبل شهرين,كوبك السادس مجاناً معناته كل كوب تشتريه ينكتب لك فالمكافآت .. الكاشير يقول يوم السادس مجاني اتمنى تراجعون النقطة هذي او تغيرونها
Alanood,,قبل سنة,"جربت عندهم الماتشا وصراحه لذيذ اقيمه ٩.٤/١٠ ومايعتبر حالي ابد طعمه موزون
وجربت بعد التشيز كيك ولذيذ برضو اقيمه ٨/١٠
المكان يعتبر ضيق شوي بالنسبه للزحمه الطلب يمكن انتظرت من ١٠ الى ١٥ دقيقة
ممكن اكرر الزيارة اكثر من مره"
munera abdullah,,قبل سنة,المكان حلو بس يعيبه الزحمه والشكليات اللي تتميلح واجد عندهم حلى دانيش بالبنانا لذيذ حرفيا والبيكان لذيذ و التشيز كيك ماعجبني مره و قهوتهم اليوم بالمخ وحلوه وتعامل الموظفين حلو اكرر الزياره له بس لين تخف زحمته🤩🤎🤎🤎🤎 …
Hala Almadhi,,قبل شهر,"رايق وهادي ، ساندوتش التيركي عادي .. كيك التربل شوكولاته لذيذ والقهوة حلوة 😋 …"
Ha M,,قبل سنة,"ماش صراحه مو قد التوقعات!
سبايسي التونة عادي جداً والحلوم زعتر ناشفة وفيه الافضل منهم بمليون مره ما ارجع لفطوركم اكيد"
عمر,,قبل شهرين,ماحببني بالقهوه الا الكاشير محترم وانيق و ذوق ومحترم الشخص الصح بالمكان الصح 👍🏻 …
Amira .,,قبل سنة,"هذي سادس زيارة لي لقرون ، من احلى قهاوي الرياض مكان وجودة وخدمة ، عندهم ألذ كركديه ممكن تذوقونه والتيشز كيك يمي ، برضو التونا سبايسي لذيييييييذه انصح فيها❤️❤️"
Ateq Ateq,,قبل سنة,"الكوفي رائعع جدا والكركديه الافضضلل❤️❤️
والمكان يفتح النفس
وزحمه الله يوفقهم ياربب"
فاطمه الربعي,,قبل سنة,الحمام مستهلك جدا والنظافه صفر  مااتوقع صاحب المحل شايف وراضي اتمنى تهتمون بنظافه الحمام زي ماتهتمون بجودة المنتجات  عذر ع الصور بس عشان اهمال العمال بينفر الناس
Ghaida Abdullah,,قبل سنة,"بوكس الفطور جدًا عادي ومو لذيذ ابدد ولا يستاهل السعر المرتفع المكان مره زحمه وما ارجع له مره ثانيه كلهم مراهقين ومافيه جلسات كل واحد جاي يتفرج عالثاني، الشي الوحيد زين عندهم الكركديه فقط"
Akhdan Alsurur,,قبل سنة,"مكان بسيط وجميييل
جربت عندهم ايسV60 اثيوبي موززززززووووونه صح اعطيها 10/7😍
وجربت دانيش بالتشيز كيك لذيذذذذه وخفيفه اعطيها 10/7😍
بشكل عام يستاهل الزياره👍🏽✨ …"
MoHaMmAd S for S,,قبل سنة,"مكان قهوة جميل ، واسع نوعاً ما
قهوتهم حلوة المخبوزات والحلى ممتازة"
Reem,,قبل سنة,الذ كركديه ذقته عندهم وفيه طعم نعناع منعش مرره والتشيز والبيكان خيالييين تبارك الله تقيمي لكل شيء ١٠/١٠
Bu,,قبل 11 شهرًا,"المكان حلو
قهوة اليوم حلوه
حلا التشوكلت الهبه للاسف م عجبني"
Hatoon Suliman,,قبل سنة,"جي بن تشيز و السينابون بن يمي مره
القهوه جربت V60 و فلات وايت و امريكانو كلها  لذيذه ماشاءالله
بالتوفيق 🤍 …"
Hanin A,,قبل 3 أشهر,"القهوة جيدة .. التربل تشوكليت لذيذ كذلك بنز التشيز كيك مره يمي 🩵
يعيبه الزحمة فقط . …"
S,,قبل سنة,داييييم اجيهم واحب قهوتهم والتشيز كيك واخر مره جربت الماتشا عجبتنيييي🫶🏻 …
